"id","program_id","teacher_id","name",
"1","1","1"," The Show Must Boson",
"2","2","2"," FuTurin - Imagine the City of Tomorrow",
"3","3","3"," Science... Action ! How technology shapes our fic",
"4","4","4"," Welcome aboard flight 220",
"5","5","5"," 22 Green Street : a district like no other",
"6","6","6"," Bus-iness not as usual: creating the trolleybus g",
"7","7","7"," statics",
"8","8","8"," animal science",
"9","9","9"," algebra",
"10","10","10"," Thought for Food... Genetics",
"11","1","11"," mathematics",
"12","2","12"," New World with Renewable Energy",
"13","3","13"," destination Bordeaux",
"14","4","14"," Economics",
"15","5","15"," KPI - Key Performance of Innovation",
"16","6","16"," physical",
"17","7","17","Hands-on CONTROL : automate your industry",
"18","8","18"," Strategic ways for the BEST business case",
"19","9","19"," Assure your Quality",
"20","10","20"," DRIFT - Discover Reliable Innovations in Future T",
