"id","first_name","last_name","email","added",
"1","Isabel","Lindgren","whegmann@example.net","2015-03-13 07:20:53",
"2","Theresa","Farrell","jean.altenwerth@example.net","2015-10-01 01:26:05",
"3","Felicia","Kunze","elaina.schneider@example.org","2004-03-31 11:46:55",
"4","Carley","Rolfson","madyson60@example.net","1988-08-05 22:01:35",
"5","Cortney","Grant","xshields@example.net","1989-02-23 12:20:15",
"6","Baby","Torphy","winona.witting@example.com","1996-01-27 00:55:11",
"7","Baron","Schinner","jarrell69@example.org","2007-02-03 07:21:17",
"8","Helmer","Marvin","ceasar78@example.net","2012-09-29 13:47:20",
"9","Rubie","Renner","warren.spinka@example.org","1983-10-16 10:19:43",
"10","Hettie","Kertzmann","fahey.nathanael@example.net","1992-03-09 08:39:00",
"11","Austin","Barrows","leffler.don@example.org","1984-10-07 19:22:34",
"12","Gay","Spinka","dolores82@example.net","2014-03-14 10:40:26",
"13","Gideon","Douglas","joanny.treutel@example.com","1988-07-05 11:58:13",
"14","Modesta","Mohr","madisen62@example.net","2004-02-28 10:06:29",
"15","Malachi","Gottlieb","ghand@example.net","2006-10-12 12:10:52",
"16","Stephania","Jacobson","domenic88@example.org","1994-09-23 11:40:21",
"17","Sophie","Spinka","rmedhurst@example.com","2009-12-25 00:44:32",
"18","Savion","Farrell","berge.virginia@example.com","2001-02-27 07:53:50",
"19","Jarret","Schamberger","bauch.wyman@example.org","1986-12-12 20:34:14",
"20","Richard","Abbott","marshall.kuvalis@example.net","1996-08-12 21:29:41",
